name,template_id,original_price,sale_price,variants
Randy Baker,180,738.05,366.52,"{""Color"": ""orange"", ""Material"": ""plastic""}"
Jeffrey Reyes,100,913.42,114.5,"{""Color"": ""green"", ""Material"": ""inox""}"
Krystal Thomas,96,279.49,940.93,"{""Color"": ""red"", ""Material"": ""inox""}"
Joseph Taylor,117,316.51,880.94,"{""Color"": ""white"", ""Material"": ""inox""}"
Erin Rios,182,285.31,480.48,"{""Color"": ""blue"", ""Material"": ""aluminum""}"
Jeffrey Chen,111,971.0,1197.26,"{""Color"": ""white"", ""Material"": ""inox""}"
Carrie Rodriguez,120,627.58,1116.83,"{""Color"": ""blue"", ""Material"": ""plastic""}"
Kathleen Hunter,84,883.81,1068.69,"{""Color"": ""red"", ""Material"": ""inox""}"
David Williams,83,555.55,637.15,"{""Color"": ""black"", ""Material"": ""silver""}"
Frederick Odonnell,20,196.84,1174.81,"{""Color"": ""green"", ""Material"": ""inox""}"
Jeff Valdez,115,580.43,1314.87,"{""Color"": ""white"", ""Material"": ""aluminum""}"
Dwayne Torres,127,543.66,114.72,"{""Color"": ""white"", ""Material"": ""gold""}"
Matthew Price,107,182.61,1704.73,"{""Color"": ""white"", ""Material"": ""aluminum""}"
Lori Byrd,173,161.82,1736.45,"{""Color"": ""green"", ""Material"": ""aluminum""}"
Ronald Baker,99,846.18,836.8,"{""Color"": ""black"", ""Material"": ""plastic""}"
Jerry Parker,63,918.65,1833.86,"{""Color"": ""blue"", ""Material"": ""silver""}"
Bryan Rivera,48,963.9,1196.3,"{""Color"": ""black"", ""Material"": ""plastic""}"
Whitney Morrison,115,841.31,1693.78,"{""Color"": ""white"", ""Material"": ""plastic""}"
Brian Stewart,127,622.26,1202.53,"{""Color"": ""black"", ""Material"": ""plastic""}"
Valerie Cruz,29,867.31,1062.96,"{""Color"": ""blue"", ""Material"": ""plastic""}"
William Schmitt,90,333.26,1030.36,"{""Color"": ""red"", ""Material"": ""aluminum""}"
Joshua Haas,191,272.21,243.21,"{""Color"": ""green"", ""Material"": ""silver""}"
Ronald Martinez,121,542.29,232.86,"{""Color"": ""orange"", ""Material"": ""aluminum""}"
Jonathan Tucker,170,960.46,1757.95,"{""Color"": ""blue"", ""Material"": ""silver""}"
Robert Gallegos,164,866.58,749.35,"{""Color"": ""blue"", ""Material"": ""silver""}"
Oscar Spencer,164,690.62,1614.82,"{""Color"": ""blue"", ""Material"": ""gold""}"
Ashlee Hansen,153,550.99,528.6,"{""Color"": ""green"", ""Material"": ""plastic""}"
Michelle Mueller,66,678.43,1777.68,"{""Color"": ""black"", ""Material"": ""gold""}"
John Reed,157,237.94,806.1,"{""Color"": ""green"", ""Material"": ""plastic""}"
Nathan Hogan,108,760.95,1714.12,"{""Color"": ""red"", ""Material"": ""aluminum""}"
Gerald Reeves,106,883.79,722.28,"{""Color"": ""orange"", ""Material"": ""aluminum""}"
Taylor Haynes,156,801.87,344.34,"{""Color"": ""red"", ""Material"": ""plastic""}"
Jason Montoya,76,162.91,1746.57,"{""Color"": ""red"", ""Material"": ""plastic""}"
Kylie Sullivan,78,170.68,271.3,"{""Color"": ""red"", ""Material"": ""inox""}"
Robert Landry,22,610.84,1052.75,"{""Color"": ""black"", ""Material"": ""silver""}"
Andrew Rogers,56,534.77,1053.23,"{""Color"": ""red"", ""Material"": ""plastic""}"
Brittany Trujillo,11,952.52,509.76,"{""Color"": ""orange"", ""Material"": ""aluminum""}"
Marcus Barker,145,629.0,918.74,"{""Color"": ""black"", ""Material"": ""silver""}"
John Powell,54,455.93,1446.55,"{""Color"": ""white"", ""Material"": ""plastic""}"
Todd Daniel,198,625.41,329.03,"{""Color"": ""blue"", ""Material"": ""inox""}"
Donald Elliott,140,165.83,1663.5,"{""Color"": ""red"", ""Material"": ""plastic""}"
Leonard Hayes,53,404.15,137.25,"{""Color"": ""black"", ""Material"": ""gold""}"
Shannon Garza,32,105.59,579.64,"{""Color"": ""black"", ""Material"": ""silver""}"
Nicole Murray,148,897.7,1143.52,"{""Color"": ""blue"", ""Material"": ""silver""}"
Michael Adams,73,652.1,1574.37,"{""Color"": ""green"", ""Material"": ""silver""}"
Daniel Kirby,41,181.98,1608.67,"{""Color"": ""red"", ""Material"": ""inox""}"
Allison Martin,127,744.27,1852.66,"{""Color"": ""white"", ""Material"": ""silver""}"
Gabriel Walker,118,899.95,1620.78,"{""Color"": ""black"", ""Material"": ""inox""}"
Brian Thomas,157,405.8,1693.08,"{""Color"": ""red"", ""Material"": ""aluminum""}"
Andrew Rodriguez,164,910.52,1705.3,"{""Color"": ""green"", ""Material"": ""aluminum""}"
Sarah Powers,176,689.25,1223.49,"{""Color"": ""black"", ""Material"": ""inox""}"
David Price,87,453.16,1902.47,"{""Color"": ""black"", ""Material"": ""silver""}"
Rachel Moyer,158,821.53,568.14,"{""Color"": ""red"", ""Material"": ""silver""}"
Cynthia Young,108,345.26,1686.52,"{""Color"": ""green"", ""Material"": ""inox""}"
Natalie Barnes,130,672.18,1041.88,"{""Color"": ""black"", ""Material"": ""gold""}"
Linda Hernandez,150,482.05,1451.59,"{""Color"": ""white"", ""Material"": ""silver""}"
Jimmy Perez,139,113.08,1140.88,"{""Color"": ""blue"", ""Material"": ""gold""}"
Shawn Rodgers,113,644.26,900.76,"{""Color"": ""white"", ""Material"": ""silver""}"
Jeremy Figueroa,93,524.5,1091.67,"{""Color"": ""orange"", ""Material"": ""aluminum""}"
Krystal Wheeler,55,380.13,1220.67,"{""Color"": ""white"", ""Material"": ""aluminum""}"
Dr. John Tucker MD,2,269.89,350.48,"{""Color"": ""green"", ""Material"": ""plastic""}"
Lori Stevens,195,582.15,806.07,"{""Color"": ""red"", ""Material"": ""inox""}"
Abigail Mcdaniel,152,554.45,473.17,"{""Color"": ""orange"", ""Material"": ""aluminum""}"
Andrea Hickman,141,111.17,1364.72,"{""Color"": ""blue"", ""Material"": ""silver""}"
David Johnson,134,833.12,340.81,"{""Color"": ""white"", ""Material"": ""silver""}"
Rebecca Hickman,114,719.26,1912.01,"{""Color"": ""black"", ""Material"": ""gold""}"
David Mccormick,112,594.6,919.73,"{""Color"": ""red"", ""Material"": ""plastic""}"
Frank Garza,17,119.7,435.9,"{""Color"": ""green"", ""Material"": ""plastic""}"
Tammy Andrews,153,501.5,1857.07,"{""Color"": ""blue"", ""Material"": ""inox""}"
Stephanie Howard,15,930.29,736.46,"{""Color"": ""red"", ""Material"": ""plastic""}"
Paula Jordan,30,785.57,393.83,"{""Color"": ""blue"", ""Material"": ""inox""}"
Paul Hayes,95,607.44,1597.35,"{""Color"": ""white"", ""Material"": ""inox""}"
Jasmine Perez,192,399.98,163.41,"{""Color"": ""green"", ""Material"": ""inox""}"
Evan Johnson,78,921.76,153.16,"{""Color"": ""black"", ""Material"": ""inox""}"
Teresa Romero,58,880.05,1783.12,"{""Color"": ""white"", ""Material"": ""silver""}"
Nicholas Gilbert,122,826.06,524.41,"{""Color"": ""blue"", ""Material"": ""gold""}"
Kelly Reyes,180,515.9,109.02,"{""Color"": ""white"", ""Material"": ""silver""}"
Sarah Stark,59,890.7,571.69,"{""Color"": ""blue"", ""Material"": ""plastic""}"
Nicole Parker,23,961.25,1549.2,"{""Color"": ""green"", ""Material"": ""aluminum""}"
Sheri Wilcox,66,802.68,1505.85,"{""Color"": ""black"", ""Material"": ""plastic""}"
Sally Jones,13,944.97,1237.04,"{""Color"": ""black"", ""Material"": ""aluminum""}"
Noah Thompson,97,150.42,555.55,"{""Color"": ""white"", ""Material"": ""silver""}"
Scott Rodriguez,160,697.37,1133.77,"{""Color"": ""green"", ""Material"": ""gold""}"
Cassandra Moran,109,163.1,1890.65,"{""Color"": ""blue"", ""Material"": ""silver""}"
Angela Patton,176,971.46,197.71,"{""Color"": ""black"", ""Material"": ""silver""}"
Jimmy Dalton,64,227.34,372.56,"{""Color"": ""black"", ""Material"": ""gold""}"
Danny Thompson,95,199.5,1302.92,"{""Color"": ""black"", ""Material"": ""gold""}"
David Hernandez,2,649.53,369.07,"{""Color"": ""red"", ""Material"": ""aluminum""}"
Jennifer Gill,38,309.88,686.97,"{""Color"": ""black"", ""Material"": ""inox""}"
Jerome Stanley,91,903.39,1416.41,"{""Color"": ""white"", ""Material"": ""plastic""}"
Nicholas Harris,18,999.57,154.28,"{""Color"": ""orange"", ""Material"": ""plastic""}"
Christopher Foster,117,220.62,1030.78,"{""Color"": ""orange"", ""Material"": ""inox""}"
Jennifer Hartman,62,180.26,238.58,"{""Color"": ""orange"", ""Material"": ""gold""}"
Dr. Emily Hoffman,121,386.88,1944.05,"{""Color"": ""orange"", ""Material"": ""gold""}"
Jose Newton,97,192.99,658.79,"{""Color"": ""red"", ""Material"": ""gold""}"
Karl Lewis,153,106.3,886.52,"{""Color"": ""red"", ""Material"": ""silver""}"
Devin Garcia,163,128.6,1567.99,"{""Color"": ""orange"", ""Material"": ""gold""}"
Bridget Stewart,183,206.61,568.86,"{""Color"": ""white"", ""Material"": ""plastic""}"
Robert Miller,179,293.82,1580.13,"{""Color"": ""orange"", ""Material"": ""inox""}"
Aaron Glenn,69,257.69,1997.73,"{""Color"": ""red"", ""Material"": ""aluminum""}"
Laurie Robinson,138,650.12,1242.25,"{""Color"": ""orange"", ""Material"": ""silver""}"
Rita Collins,169,398.73,1091.3,"{""Color"": ""red"", ""Material"": ""inox""}"
Martin Perez,28,914.37,1230.11,"{""Color"": ""white"", ""Material"": ""aluminum""}"
Rachel Mack,96,964.82,169.2,"{""Color"": ""red"", ""Material"": ""plastic""}"
Christopher Matthews,93,384.14,1674.78,"{""Color"": ""green"", ""Material"": ""silver""}"
Taylor Hill,65,538.48,1414.45,"{""Color"": ""red"", ""Material"": ""aluminum""}"
Erin Henderson,61,749.75,1975.87,"{""Color"": ""red"", ""Material"": ""silver""}"
Robert Castaneda,9,714.17,1640.02,"{""Color"": ""blue"", ""Material"": ""aluminum""}"
Angela Morrison,190,958.14,1859.67,"{""Color"": ""black"", ""Material"": ""gold""}"
David Gonzales,153,685.22,1102.94,"{""Color"": ""red"", ""Material"": ""gold""}"
Elizabeth Moore,128,162.43,1138.23,"{""Color"": ""white"", ""Material"": ""aluminum""}"
Ryan Hayes,77,237.01,745.99,"{""Color"": ""black"", ""Material"": ""gold""}"
Nathaniel Torres,167,299.98,783.33,"{""Color"": ""blue"", ""Material"": ""silver""}"
Scott Norman,192,668.81,257.73,"{""Color"": ""black"", ""Material"": ""plastic""}"
Kimberly Butler,25,981.61,128.38,"{""Color"": ""orange"", ""Material"": ""gold""}"
Andrea Reynolds,96,591.29,624.13,"{""Color"": ""white"", ""Material"": ""silver""}"
Samantha Norris,192,355.8,1614.98,"{""Color"": ""blue"", ""Material"": ""silver""}"
David Rivera,119,112.52,1804.15,"{""Color"": ""red"", ""Material"": ""silver""}"
Melissa Horton,6,403.81,1843.2,"{""Color"": ""red"", ""Material"": ""inox""}"
Perry Cortez,77,363.99,217.67,"{""Color"": ""black"", ""Material"": ""plastic""}"
Tara Williams,141,412.14,1714.18,"{""Color"": ""orange"", ""Material"": ""silver""}"
Sherry Stevens,42,432.68,1298.35,"{""Color"": ""black"", ""Material"": ""inox""}"
Kyle Hodge,74,621.47,226.17,"{""Color"": ""green"", ""Material"": ""silver""}"
Dr. Michael Schmidt PhD,138,555.5,1171.02,"{""Color"": ""white"", ""Material"": ""silver""}"
Joshua Delgado,3,784.74,1828.97,"{""Color"": ""blue"", ""Material"": ""gold""}"
Robert Cummings,177,923.13,353.02,"{""Color"": ""black"", ""Material"": ""inox""}"
Nathan Smith,67,475.19,1918.18,"{""Color"": ""red"", ""Material"": ""plastic""}"
Theresa Kidd,119,591.23,546.45,"{""Color"": ""white"", ""Material"": ""inox""}"
Maria Parker,157,747.73,1472.78,"{""Color"": ""black"", ""Material"": ""gold""}"
Tracey Thomas,103,126.64,744.35,"{""Color"": ""green"", ""Material"": ""gold""}"
Nina Torres,107,178.7,1062.13,"{""Color"": ""black"", ""Material"": ""gold""}"
Cynthia Harrison,12,716.21,432.63,"{""Color"": ""black"", ""Material"": ""silver""}"
Charles Gonzalez,38,387.42,1863.54,"{""Color"": ""green"", ""Material"": ""aluminum""}"
Susan Garcia,124,733.31,891.24,"{""Color"": ""blue"", ""Material"": ""gold""}"
Michael Martin,176,288.28,1242.26,"{""Color"": ""red"", ""Material"": ""aluminum""}"
Joseph Haley,12,516.08,487.22,"{""Color"": ""orange"", ""Material"": ""gold""}"
Ann Mcdaniel,62,793.73,192.73,"{""Color"": ""red"", ""Material"": ""plastic""}"
Laura Bowers,106,770.54,1765.59,"{""Color"": ""black"", ""Material"": ""gold""}"
Jonathan Fuller,112,369.83,1082.5,"{""Color"": ""white"", ""Material"": ""silver""}"
Benjamin Carroll,8,885.04,1378.12,"{""Color"": ""blue"", ""Material"": ""silver""}"
Joshua Watts,149,464.04,208.72,"{""Color"": ""red"", ""Material"": ""plastic""}"
Sean Green,186,993.61,1448.24,"{""Color"": ""black"", ""Material"": ""gold""}"
Meagan Wright,34,201.03,1955.46,"{""Color"": ""red"", ""Material"": ""inox""}"
Joe Murray,28,395.71,1121.55,"{""Color"": ""blue"", ""Material"": ""gold""}"
Amanda Johnson,96,883.41,261.56,"{""Color"": ""black"", ""Material"": ""aluminum""}"
Andrew Hensley,87,245.87,953.35,"{""Color"": ""black"", ""Material"": ""plastic""}"
Robert Glover,38,284.51,1926.13,"{""Color"": ""green"", ""Material"": ""gold""}"
Kayla Hammond,195,618.97,658.18,"{""Color"": ""red"", ""Material"": ""inox""}"
Heather Smith,144,736.33,459.35,"{""Color"": ""red"", ""Material"": ""plastic""}"
Daniel Pitts,156,941.0,1142.03,"{""Color"": ""red"", ""Material"": ""gold""}"
Kristin Lopez,42,947.82,1370.14,"{""Color"": ""black"", ""Material"": ""plastic""}"
Raymond Sparks,70,108.28,330.23,"{""Color"": ""orange"", ""Material"": ""silver""}"
Jerry Harrington,59,652.13,1663.52,"{""Color"": ""red"", ""Material"": ""silver""}"
Dylan Simpson,85,623.64,334.43,"{""Color"": ""blue"", ""Material"": ""inox""}"
Preston Dixon,119,714.46,1497.43,"{""Color"": ""black"", ""Material"": ""gold""}"
Erik Johnson,191,336.48,1177.93,"{""Color"": ""orange"", ""Material"": ""aluminum""}"
Sarah Grant,86,606.56,1645.79,"{""Color"": ""green"", ""Material"": ""inox""}"
Tyler Snow,154,827.17,1986.92,"{""Color"": ""white"", ""Material"": ""plastic""}"
Jay Johnson,3,887.67,1475.36,"{""Color"": ""white"", ""Material"": ""inox""}"
Kimberly Nelson,6,316.18,1277.83,"{""Color"": ""white"", ""Material"": ""silver""}"
Gloria Hernandez,34,155.74,462.29,"{""Color"": ""white"", ""Material"": ""silver""}"
Kevin Ruiz,102,378.85,899.74,"{""Color"": ""orange"", ""Material"": ""inox""}"
Emily Reed,39,376.58,1289.25,"{""Color"": ""white"", ""Material"": ""plastic""}"
Laura Blevins,16,976.8,1796.69,"{""Color"": ""black"", ""Material"": ""aluminum""}"
Stephanie Dunn,68,361.48,1108.6,"{""Color"": ""orange"", ""Material"": ""gold""}"
Natalie Garcia,127,736.47,1552.67,"{""Color"": ""green"", ""Material"": ""gold""}"
Brandon Bass,157,730.58,1125.13,"{""Color"": ""black"", ""Material"": ""plastic""}"
Angela Mitchell,153,483.62,966.14,"{""Color"": ""white"", ""Material"": ""aluminum""}"
Katie Webb,145,566.6,849.14,"{""Color"": ""orange"", ""Material"": ""gold""}"
Veronica Ortiz,197,529.28,925.4,"{""Color"": ""blue"", ""Material"": ""aluminum""}"
Maria Cantu,126,583.29,928.05,"{""Color"": ""green"", ""Material"": ""silver""}"
Scott Chapman,123,858.73,921.97,"{""Color"": ""orange"", ""Material"": ""gold""}"
George Adams,98,216.57,766.61,"{""Color"": ""red"", ""Material"": ""aluminum""}"
Ralph Johnson,171,586.1,1342.4,"{""Color"": ""orange"", ""Material"": ""plastic""}"
Joshua Wong,2,669.05,1253.1,"{""Color"": ""orange"", ""Material"": ""gold""}"
Jessica Herrera,148,479.18,916.55,"{""Color"": ""red"", ""Material"": ""silver""}"
Christopher Peterson,27,448.08,1040.38,"{""Color"": ""green"", ""Material"": ""plastic""}"
Phillip Madden,10,603.37,782.7,"{""Color"": ""red"", ""Material"": ""plastic""}"
George Hardin,157,160.18,1815.9,"{""Color"": ""black"", ""Material"": ""aluminum""}"
Joseph White,106,744.72,1621.84,"{""Color"": ""blue"", ""Material"": ""silver""}"
Andrea Howard,42,967.07,169.14,"{""Color"": ""red"", ""Material"": ""plastic""}"
Stanley Weaver,7,173.12,1329.48,"{""Color"": ""blue"", ""Material"": ""plastic""}"
Monica Peterson,13,722.32,1844.94,"{""Color"": ""green"", ""Material"": ""aluminum""}"
Robert Henderson,194,864.58,1753.14,"{""Color"": ""black"", ""Material"": ""plastic""}"
Mariah Jackson,38,389.0,1848.52,"{""Color"": ""green"", ""Material"": ""inox""}"
Michelle Ward,87,686.87,1276.59,"{""Color"": ""white"", ""Material"": ""inox""}"
Danny Friedman,150,160.61,355.87,"{""Color"": ""red"", ""Material"": ""silver""}"
Jennifer Flores,191,642.83,1476.16,"{""Color"": ""white"", ""Material"": ""inox""}"
Ariana Lee,5,334.98,1666.32,"{""Color"": ""red"", ""Material"": ""aluminum""}"
Johnny Brandt,4,284.34,277.44,"{""Color"": ""green"", ""Material"": ""aluminum""}"
Travis Mcconnell,199,298.1,1715.02,"{""Color"": ""black"", ""Material"": ""gold""}"
Melinda Garcia,92,539.81,811.87,"{""Color"": ""orange"", ""Material"": ""plastic""}"
Karen Howard,174,265.57,545.69,"{""Color"": ""red"", ""Material"": ""aluminum""}"
Jonathan Lang,164,426.32,1790.08,"{""Color"": ""green"", ""Material"": ""silver""}"
Brooke White,86,375.64,1760.68,"{""Color"": ""black"", ""Material"": ""silver""}"
Christopher Wallace,72,847.6,518.74,"{""Color"": ""white"", ""Material"": ""gold""}"
Robert Ortega,143,374.94,999.6,"{""Color"": ""red"", ""Material"": ""inox""}"
Mike Bailey,130,865.42,1123.88,"{""Color"": ""red"", ""Material"": ""silver""}"
Kyle Edwards,144,398.22,414.59,"{""Color"": ""red"", ""Material"": ""aluminum""}"
Jessica Hancock,81,856.03,1393.1,"{""Color"": ""orange"", ""Material"": ""inox""}"
