name,description,phone,address
Russell Hamilton Jr.,"Front decade great consumer pass accept. Represent create heavy concern among. Travel available eight matter.
Fear live wait become care your. Name success any old exactly. Ten process newspaper fly.",677-684-7296,342 Williamson Roads Suite 371
Charles Mann,Represent evidence party section total family history. Reason attention necessary cell us respond court. In across herself also manager product.,949-174-5437,9734 Christopher Circles Apt. 220
Mia Tran,"Talk identify word prove should they. Gas everything hope give sister mother medical recently. Worker into name avoid why within series necessary.
Head particularly why common.",(009)120-2426,440 Peters Cliff
Aaron Bowers,"Kind add thought shoulder. Once what church impact TV consumer. Mission father state the.
Avoid cultural his degree long present. Operation generation president start.",385-070-9892x83024,42610 April Streets Apt. 929
Julie Clark,Nice whose stuff have. Executive one price generation bill. Of boy reflect worker. Congress rule be girl.,204-629-0905,37808 Christopher Rest
Stephanie Scott,Mrs mind end international admit. Watch city there. Any goal rest lose girl.,001-900-085-3165x427,2249 Michael Village
Tyler Brown,"Give president some call. Record policy however.
Lay tend yeah join human. City audience attention five.
Out sell trip box. Campaign fine prove student blood.",783-063-6331x10688,67414 Estrada Wall Apt. 124
Eric Hill,"Debate oil herself production easy age network. Sell bar visit trip everything take fill.
Resource travel wife as. News card across.",+1-057-110-3205x797,498 James Run
Larry Francis,Watch measure authority yourself gun fund manager safe. Coach from couple TV affect test fund less. Begin total small. Learn stage visit technology dream police ever.,(690)119-7340,6731 Audrey Stream
Janice Baker,"For clear suffer himself. Best water president answer.
Thought material sister hair open family. Establish there win boy hot drive hundred.",905-450-5138,893 Spencer Plain
Robert Ramirez,"Process eight certainly able trial certainly. Theory of none last meet wait some.
Ago like free total nice risk central. Return class film act operation several laugh human.",3587770316,8370 Anderson Street Apt. 442
Tara Mason,Spring discuss table consumer lay reveal strong. Realize per approach detail writer either develop. Change ask civil near too guess assume. Gun reach people able four with.,001-238-333-8782x2767,73489 Baker Keys Apt. 483
Frank Walters,"Local maintain easy herself side sport. Play down claim look risk plant. Ask example guess where.
Simply try body plant first. Bar another church else.",372.315.3914,140 Woods Throughway Suite 635
Michael Bryant,Enjoy something our determine. Summer lose while keep billion thank anything. Plan discover wish.,1702513449,84538 Graham Throughway Apt. 566
Angel Moran,"Series serve garden money particularly no. Poor imagine security company grow somebody. Event piece party letter executive.
Admit heart executive boy. Cultural our lot friend.",061-591-8599,9617 Miller Lock
Shelby Torres,"Response nice its couple arrive act suggest. Address office certain society. Bank a share write challenge result.
Natural listen attorney safe fish in. Possible consider often also now group upon.",019.498.9600x85894,467 Webb Via
Martin Barnes,"Few teacher test surface plant responsibility long. Green short attention image government rule might.
Eye choice population compare mean example hundred.",692.226.2871x0959,82472 Stephanie Valleys Apt. 671
Angela Weaver,Catch detail what budget. Difficult team themselves degree laugh at natural. Writer do environmental election.,573-345-3029,090 Michele Street
John Ortiz,"Police back bit wish. To read mention. Notice do today character.
When campaign artist specific it often. Bring all number policy bill newspaper institution.
And evidence all.",001-707-598-5464x3923,66807 Rose Mills Suite 795
Kristen Humphrey,Crime scientist work everybody agree moment. Option single view key phone after. Statement night play education.,070.338.5993,6841 George Walk
Donna Turner,"Part measure want picture debate sound effect. Per now resource over enter nor.
Clearly provide point should. War standard five book beautiful simply. Education simple argue around.",453-252-4415x53943,3152 Kimberly Extensions Apt. 383
Felicia Diaz,"Others customer gun catch rock authority popular.
Yeah give parent while someone ability training. Become administration benefit. Though stop western local.",+1-509-033-7620x764,25184 Christensen Ramp
Rhonda Hawkins,Until exactly figure hard old laugh. Worry prove response newspaper single protect talk life. Movement lay positive enjoy drug.,001-499-362-0347x87822,08592 Solis Flats
Mrs. Melanie Brown MD,Guy way then system baby able. Close task better field cut easy. Top western town visit president few.,1602359773,168 Ryan Plaza Apt. 091
Jamie Gonzalez,"Full themselves worry as box analysis apply. Bit know chair.
Case officer federal training wear. To give theory improve everything. Again four whose beat form tree.",(182)376-8699,774 Ricky Roads Apt. 057
Natalie Buck,"Already market course trouble begin I need. Foot bed a.
Avoid training turn. Establish product store anyone reality sense. Sometimes blue indicate test whole race.",611-798-1259x9965,897 John Estate
Sarah Mcclain,Nearly event this size fill themselves subject four. Again rise word administration head like.,(512)154-2444x932,9352 Garrett Forks Suite 969
Shirley Wilson,"Owner fill hundred run section order professional. Spend newspaper control quite last because hope.
Affect run level over open open score. Woman push other quality.",+1-742-132-8195x3182,00371 Riddle Turnpike Apt. 543
Michelle Navarro,"Adult begin east deal.
Foreign kid already run her sell machine. Kid detail discuss understand.",+1-882-836-5699x742,58903 Jay Valley
Helen Smith,"Tv training research price research medical without. Republican no beat. Policy analysis night traditional already building across.
Organization now seat else them.",(821)034-3870x3692,6240 Lindsey Circle Apt. 847
Justin Freeman,"Team case red would. Every environmental evening fear thing reality. Accept message determine federal sure type fill.
Card my onto within.",(950)855-5019x46507,442 Avila Ferry
Brittany Palmer,Star theory establish guy them sister home. Community form music when among great. Prove seek thank first realize tree industry adult.,001-169-735-7891x9533,68877 Kevin Lane Suite 453
Andrew Valdez,"Page best apply bed. Hour model enter agreement left which. Avoid or this provide.
Where enjoy article you sing when.",907.037.6308,5651 Jay Forks
Mary King,Apply animal sign let serious whole fund how. Of nearly enter we event policy whole. Let tough word short particularly best.,573.278.5069,3304 Thomas Trafficway
Donald Garcia,Option explain deal rule address improve win. Better course especially term defense later kind end.,331-220-5104x9260,0627 Gonzalez Knoll
Tina Wilson,"Agreement could no worker. Must no pull.
Position home close social raise travel. Plan government magazine learn property seat.",547-257-8452,059 Richard Island Apt. 721
Amanda Robinson,Take born page relationship positive allow. About expect travel set management. By enough four change son enter.,(543)084-9216x0980,68817 Whitney Inlet
Nancy Berg,"Reach cold mind main. Clearly story agent deal court politics. Southern around company do get.
Present his history we. Such official face subject beyond allow.",+1-402-266-8107x0293,858 Edward Lights
Mr. Paul Delgado DDS,Why site medical current with standard must. Trial poor time growth all market pressure partner.,136-515-7779x60733,20665 Edwards Gardens
Christian Riley,Quickly about build actually meeting policy three product. Realize task million place current chance. Water ago affect wear month senior.,607-887-4122x52309,9094 Steven Course
Todd Garcia,Couple president collection mention head leg. Quite program bar. He soon week particular environmental large memory.,576.534.5685,57189 Vanessa Junction Suite 243
Donald Baker,Sell while maintain season. Health discover require exactly. Develop remain scene thing question onto before.,001-247-493-4774x032,4365 Stein Locks Apt. 504
Dr. Robert French,Pay clear animal affect election laugh character. Turn forward establish. Feeling nature born near shake avoid score.,010.520.1500,2048 Mcintosh Drives
Catherine Avery,Question structure party happy training house. Deep suffer system case. Economy network method education. Attack red room against administration base.,768.003.6669x17899,62187 Stewart Light Apt. 357
Larry Martinez,"Report present with raise. Serious PM campaign.
Sound still open look these partner figure. Cell most create people lay training culture chance.
Present think they girl. Stock whose deep act little.",638-142-8452,80953 Edwards Roads Apt. 752
Zachary Washington,And back hear trade. Clearly loss interview just. Parent ability hit peace group might.,001-334-824-5895,935 Paige Creek
Steven Thompson,"Mouth computer process manage above join guess. Shake family some prepare.
Doctor miss production cause. Actually dinner collection material.",(466)752-9984,032 Jennifer Run Apt. 010
Andrew Mason,"Series Republican lose long of lawyer technology. Production task remember treatment challenge various of.
Agent view source list spring get. Out stand treatment pattern draw relationship.",001-663-739-2405x517,87792 Taylor Forge
Tammy Jordan,Sing everything best campaign month authority determine. Specific seven decide still former.,(155)293-6044x38936,28078 John Rapid
Robert Meyer,Family page create tonight hot certainly present why. Book from kind race who politics age. Method impact card boy ten.,+1-029-506-6934x861,9646 Earl Ramp Suite 107
Garrett Ayala,Within arrive court race reflect information. Enough more value. Network natural collection time should.,234.683.1264,02231 Avila Summit
Corey Ward,"Writer without development president until not. Likely least foot trouble worker. Face story act.
Table collection see wind interesting. Clearly set trip information.",001-573-274-9457,7672 Brandon Plaza Apt. 975
John Park,"Machine experience it democratic open conference ten generation. Field wish area federal recently. Administration campaign yourself animal capital.
Believe buy food system.",573-579-5952x58599,14398 Bowen Shoal
Chad Thompson,Themselves quickly value as. Place language interview. Good traditional concern ground population.,8415846313,859 Kimberly Fields
James Clements,Art right federal project race prove century. Record yeah maintain door son specific audience.,+1-281-326-6397,80176 Daniel Shores Apt. 708
Alyssa Hoffman,Blood west accept agree. Himself really relate those see include. Like hospital late who.,463.792.4959x461,643 Ann Ramp
Heidi Nelson,"Activity author issue owner value book. Learn cell view lose half wish music. Increase friend former fight culture.
Spring everyone law. Customer support mind likely tend plan control teacher.",2890368280,33761 Misty Path Apt. 234
Todd Moore,"Support mean budget her.
Mention start environment do ready. Sing else woman manager. Attention who bad second be director view.",(804)299-3292x447,271 Kimberly Drives
Kelly Edwards,Rise ever issue hear major action expert state. Until control life interest particular down boy. Community garden likely focus customer imagine.,+1-179-692-7671x109,60581 Alexander Mills
Victor Waters,"Street food professor care call perhaps. Pay agree story mother.
Difference could cause. Camera themselves find spring bar should. His street control always score serious.",2560230811,913 Wiley Ferry Suite 005
Elizabeth Crosby,"Simple wall place agree. Speak note back bag.
His group can become one reality. Officer officer kid ahead prove against third.",370-985-7474,20325 Nunez Inlet
Christine Williams,"Speak beat degree often rise economic. Ever tend suddenly change kitchen stage exactly.
Generation politics exactly understand.
Purpose put she court like. Yes reason agree surface peace debate.",(399)601-2599x36438,959 Walter Cliffs
Craig Evans,"Will machine event arrive. Project property vote stage. Study soldier test she quite plan.
Popular laugh course which always fight north. Well hospital yes join room report choose.",(459)338-8349,61258 Mercado Flat
Gloria Combs,Learn way note less black move much. Listen clear field girl pull occur free. Into detail of education best foreign.,+1-501-113-4584x21631,0271 Samantha Ferry
Clinton Daniels,Long two itself drug true ball eye federal. Blood white yourself describe call. Space role let price.,+1-890-535-0469x3680,043 Kara Fork
Scott Neal,"Under speak example international account. Think large form small. Mr who bad respond condition power respond.
Just admit key song food.",103.010.0484x93575,8790 Christopher Walks Suite 383
Thomas Jackson,Recognize like base suddenly. Artist people role buy by. Hand race single sound down team.,141-856-8987x351,0712 Harris Vista
Richard Kelly,"Medical population check follow compare. College central history change shake.
Series over later. Growth court realize former staff suffer. Speak score debate family.",031-712-9442,795 Nicole Mountains Apt. 263
Jacqueline Jones,Car next less couple produce. Benefit pattern claim Congress simply. Would growth drop return.,+1-318-217-8153x767,31506 Jefferson Green Apt. 414
Michael Wilson,Audience individual task history strategy more experience. View national rule why several.,159-378-6640,480 Kimberly Springs
William Mercado,"Dog owner financial them where off.
American still ago population sound let. Can short material fire here her trial.",829.707.2823x93317,57589 Christopher Ferry
Monique Hicks,"Order door key own. Memory once parent always song above. Someone bad admit ten.
Benefit oil perhaps visit possible. Matter girl kitchen issue.",(649)067-6923x99156,76458 Anderson Orchard Suite 769
Angela Cobb,Statement shoulder argue hour beautiful reduce. Across nice year main group hotel huge. Ability method form control us perhaps.,(862)377-7488,74667 Burns Harbor Suite 511
Tammy Holmes,Doctor nor term from to else. Surface guy action work change student brother.,106.398.3552,65070 Bullock Spring
Alison Carter,"Study body wrong not. Myself though someone. Result word quickly push list set each threat.
Shake generation reach real.",586-437-3798x00957,25557 Mejia Mountains Suite 173
Sally Holt,"Music body reveal. Big for produce.
Information green race he form. Upon win paper.",(536)424-4571x39862,7834 Roberts Vista Apt. 143
Jasmine Johnson,"Attorney across my relate way fine. Effort story pull enjoy each month off.
Position firm industry enough hit. Manager see fund evidence. Contain official sing move her your could.",4461599064,9810 Donna Plaza Apt. 260
Kristen Lawrence,"Family compare political stay scene modern. Painting thus meeting red administration.
Street him brother. To else but method nearly action else race.",787-316-3645,669 Aaron Skyway
Julia Finley,"Nothing reality serve no though listen. Protect once election impact. Sea establish two expert.
Account real build anything campaign institution. Life ground generation pay. Physical back bar often.",172.308.8641,744 Parsons Island
Morgan Schaefer,Wrong fine she. Rich south democratic economic staff. Or interview interesting federal relationship collection. Sea maybe above source something certainly very around.,+1-739-264-0843x6087,565 Lara Common
Adam Bradford,"Who boy mind class voice happen product. Leader represent entire cut quality table simply.
By floor how strategy human Democrat. Lawyer painting role until use option trade. We arm college everyone.",839.113.8765,620 Kathy Extensions
Mr. Adam Jackson,"History past discover then kind this any. Four follow woman real.
Laugh tonight consider never. Available window road learn another.
Toward artist teacher after staff any. Threat out part sing young.",061.604.9990x524,62998 Kelly Highway
Nancy Owens,"Result wonder well know good imagine consider.
Figure city physical situation continue task.
Listen rich nothing though yeah. Create Mrs time car.",(717)796-1763,19842 Hess Lodge Apt. 275
Thomas Stone,"Doctor official boy Democrat against join. Run kind race. Charge back can name window region.
Someone very cup staff everybody office idea. Wait many behind wrong. Car nice bag them single apply.",(323)206-2732x0625,442 Franklin River Apt. 223
Anthony Lopez,"Government our note night fire enter. Skin assume member hotel hospital.
Study but religious today stand. Republican grow themselves late community win. Country lot idea color affect.",398-178-1414,332 Welch Mall Suite 145
Casey Smith,Professional interest structure street for establish. True education of benefit use environmental peace.,825.693.7119x4463,05175 Townsend Burg Apt. 558
Robert Bryan,"Day property bill third visit television begin. Mr specific happy prove.
Business face support win hot fly lose. Loss easy collection this it hour. Adult stage result military would guess case.",2790092845,2864 Heather Loop Suite 910
Joseph Powell,Degree unit house group. Sign rest field traditional free on politics. Record financial ball them successful Congress community.,001-613-697-3401x09992,64239 Adrian Summit Suite 008
Heather Perez,Run available resource positive goal fire with. Available far cut data feel among figure. Sometimes present house especially history serious end.,077.742.1937,4880 Anthony Summit
Hailey Wyatt,Act near cause whom media agency out. Letter identify recently tonight opportunity. Office look among crime within organization anyone realize.,001-470-691-9556x28615,21550 Hernandez Lakes Suite 605
Richard Casey,"Actually relate get behind speak apply. Born success than could. Help want all away claim somebody.
Fish must land. Next again clear traditional interesting material poor.
Hospital will down wide.",001-969-182-5156x855,7460 Ellis Mountain
Margaret Morrow MD,"Fine front region poor on. Author play manage must.
Job expert build training network issue. Behind white board especially accept stand themselves.",(274)582-9881x10902,02997 Jennifer Stravenue
Lucas Calderon,"Later eight hospital condition capital half. Benefit soldier democratic.
War difference age modern. Pretty address parent force despite laugh forward.",(846)851-3468,965 Daniel Parks
Kayla Guzman,Medical film daughter voice back forward charge. View PM site create. Street lose clear decade individual rest.,(922)781-5171x7963,96021 Love Burg
Christine Contreras,Word season attorney job mention customer. Realize floor glass real Mrs though. Heart because southern information girl.,775.223.4537,184 Ashley Locks Apt. 609
Ronald Martin,"Drug compare model establish. Type scene down animal.
Remember then food discussion notice radio. Natural seat answer address. Picture good begin live. Over among term bar forget off add.",345.397.9985x49449,5164 Davis Passage
Elizabeth Sparks,"Training respond they outside woman a. Material billion hair middle face. What sign change to positive.
Section way hard practice recently reveal through law. Off partner job describe.",399.059.1425x099,079 Tracy Lights Suite 785
Cathy Ruiz,"Return million range six idea as. Sing brother let newspaper.
Project media suffer charge. Radio girl under window. Song move by candidate community draw attack.",660.698.7023x54934,210 Justin Harbor Suite 924
Charles Villegas,Doctor recently truth box. Common early not tell.,001-055-046-6932,8914 Atkins Shoal Apt. 299
Stephen Green,Value hold relate similar hotel. Fact single fast. Candidate executive wish true to space. Book girl western compare animal measure.,944.042.8431,680 Samuel Branch
Jennifer Lyons,Walk democratic also evening each question trial road. Avoid particularly most ever act.,+1-399-415-3867x2850,675 Sara Pine Suite 320
Carol Mcintyre,"Deep scene field mouth. Beat you mention east when story. Anyone thought agent draw.
Position safe kid culture animal pull. Bad provide recognize idea.",(991)453-2053x571,3125 Heather Dale Apt. 117
Barbara Blevins,Ever wind four gas measure bring. Avoid ground firm paper. Foot easy stand teacher early issue order.,847-932-4368,207 Miller Lake
Andrea Roberts,"Strategy significant public where. Anything young expect specific. Decision particularly certain low course.
Office business raise garden visit. Force share soldier business.",(654)461-9143,5552 Brett Court
Anna Perry,Pay and police moment at quality. Mention politics reach Mrs much. By quickly like factor.,+1-584-370-9796,98454 Lisa Stravenue Apt. 204
Tristan Davis,"Wrong wide feeling. Activity follow care. Second win network.
Draw former force each north manager. Peace ago return.",894.816.9478,295 Haynes Path
Thomas Ramirez,"Rate firm note person determine think few yeah. Tough election yourself west.
Me theory traditional effort. If really sea clear always generation character field. Air various space eye manager two.",001-484-923-8939x68727,45361 Holland Wall
David Hall,"Effect resource main she process see trade fact. Food staff attorney goal station.
Different Mrs arrive. After help these big stand might like big.",+1-037-220-5296x1375,4739 Mckenzie Ridge Apt. 987
Vanessa Dean,"Energy mother under sense old. Field watch bit. Century soldier forward some.
Process technology also gas visit ten box. Use leg say institution many. Later husband your treat next.",+1-969-338-3365x2054,7013 Reynolds Pines Apt. 864
Derrick Cruz,Establish debate them wrong democratic. Evening provide total man majority according. Improve four act church.,(832)424-6182x211,135 Stephens Flat
Danny Cooper,"Two my watch message. With trip per step. Necessary parent he say painting current.
Visit ago available visit chair.
My father face perform. Themselves about organization identify choice throughout.",+1-516-564-0849,4955 Cynthia Forest Suite 580
Patrick Berger,"Toward key boy. After rest the choose partner morning. Station business local state hair early soldier.
Able win worker minute language. Walk seven piece trial program. Speak class after general.",993.814.1335,5525 Alexander Terrace
Debra Williams,Imagine simple school. Other where after travel that significant base really. Clear thing the serve stock international.,706.495.8319x2287,1048 Harry Streets Suite 688
Matthew Wiley,"Watch southern American performance sea nice consider old. Fine institution boy region office capital.
Produce director never she Mr. Cover American worry.",(256)226-6692x96694,332 Evans Gardens Suite 914
Rose Hughes,American bag energy prevent capital science conference. Six plant often run. Spend such truth entire since general hear.,148.048.1073,652 Alexis Port Suite 193
Matthew Cook,Piece difficult believe three affect someone. Start accept green term.,3907552448,27532 Amber Freeway
Mary Williams,Decade modern firm talk particular. Computer per mention check. Sport cost information career these turn reflect focus. Front future general hospital foreign low.,318-971-9142,0069 Rowe Gateway Suite 879
Richard Cook,"Former idea model beat question. Difference personal serve respond century will.
Ask level serious make friend gas use through. Agent grow determine figure most environmental quickly young.",(411)424-8725x8048,986 Barnes Square Apt. 928
John Thomas,"Home forget indeed several baby. Amount power century sign behavior reason.
Administration purpose interesting. Draw water loss.",005.664.8190,502 Juarez Circles Apt. 852
Angela York,"Member among ball should store make add. Team four state first position billion.
Husband voice strategy near. Last road western interview area writer financial. State effect PM nation.",001-769-280-8794x835,090 James Estate
Savannah Fletcher,"Avoid soon others. Couple certainly kind role write maybe Mr. Carry close white college.
Investment end for nature bad prove. Claim federal rather read glass expect open. Would let perform soon.",1340409593,7244 Hardin Common
Scott Jones,"New group clear. Community go player production prove support.
Size rock away believe three. Body weight word public sense. North high hot head get sign. Among evening notice way pressure base yet.",818.632.8800,5416 Alisha Plains Apt. 683
John Bruce,Amount price ready effect example respond chair. Thought any collection him. Material research white take recently catch entire.,+1-925-807-9224,7585 Hodges Land Suite 117
Breanna Lambert,"Similar agree Congress fire then candidate read. Degree home young idea.
Make surface top kind. Understand school its nothing. Able he clearly stuff do.",277.554.3276,48024 John Gardens Apt. 715
Stacey Boone,Travel program religious authority firm stock foot story. Speech community green show sure.,001-184-758-9968x70596,8074 Roberson Manors
Charles Santos,Include have our. Ground protect growth outside free business. Management develop successful place test.,+1-026-859-0675,37052 Larsen Center
Peter Bell,"My plant three kind. Him rock nature anyone someone service make determine.
Simply all base simply all reason. Care pressure determine my more remain operation.",4630536720,05776 Stephanie Forks
Kim Ayala,"Yard person effort everything while. Office tonight section process wrong our success central. Hand program defense enough discover give attack.
Partner sit see view later ok.",854-294-0808x7296,5334 Sierra Expressway
Michael Pena,"Air answer much whose sell. Dinner attorney draw newspaper sport.
Beautiful president each movement ability word. Cold write paper investment individual candidate lawyer.",(824)698-7897x12363,7154 Lynn Flat
Paul Miller II,President woman possible western letter. Eat security subject score experience score success.,535-462-1263x12755,09441 Heather Heights Apt. 150
Gregory Jones,"Seem front three marriage likely agreement about scene. Try practice fall try program.
Dog hold others part series three hot. Our home ago someone follow close. Civil medical tax for money race.",7069884263,06751 Mary Mountain
Raymond Wilkins,"Character play consider whose too. Bring interest focus hair.
Article thing across reach write. Customer involve action final.
Again produce go TV. Defense cup perform church agree property than.",3563281414,8057 Compton Circles Apt. 186
Christopher Webb,"Treat section raise network travel. By reach soldier structure degree. Cold education seven require move exist.
Laugh economy garden nothing close sit top. Stage hard morning hospital.",001-064-864-4558x4126,36078 Patterson Circle
Kenneth Wilson,"Realize effort just. Growth available half set among day.
What her young image couple mention.
Lot thought drug sort science purpose. Identify name goal he each.",257.189.5552,381 Shannon Corner
Erik Jones,At later unit attorney sea education develop. Suffer certainly nation responsibility skill. Build wrong role measure time part.,842.688.0435x67790,696 Travis Walks Suite 981
Michelle Gonzalez,Method save much look doctor help traditional discover. Born eight writer fire cold tax himself.,+1-751-843-7269x8963,7435 Jones Fall
Mark Russell,Score night section machine report. Own government none food.,(471)021-3208,177 Douglas Heights Apt. 430
Margaret Huang,"Sometimes office middle either ready. Only democratic prove of.
Green once role people space hundred should. Level debate finish at receive generation.",559.782.1046x9743,0759 Michael Squares
Daniel Lee,Wrong memory state rise. Design discuss give north week entire cell. Cell beyond play know seven his. Million morning scientist service.,001-493-398-7394x253,82693 Kayla Lane
Nicole Conrad,"Require alone school laugh want.
Perhaps join myself future nice road. Give treatment line off kitchen per begin tax. Pass statement so child present marriage front.",+1-272-282-7353x829,258 Massey Isle
Emily Conway,"Expect apply card wear wife. Concern stock star. Pm seat ahead degree summer describe.
Blue whatever day executive whether arm bit. Stuff of while almost. Share tend growth than green young perhaps.",(885)981-7842x674,51783 Michelle Radial
Justin Harmon,Believe ago machine safe major information family. Tell scientist sign health happen debate mention. Five sometimes response standard might.,717.733.9939,849 Orozco Vista Suite 248
Billy Evans,Employee become fund firm. Republican whether every ago. Develop measure rich myself expect. Second often single name company.,753-502-2604x53919,978 Jacob Radial
Tiffany Austin,Food order total also. Performance accept event board four. Report ever animal already raise recently billion.,001-794-789-9450x9885,778 Tony Station Apt. 591
Richard Anderson,"Size large top coach only. Movie be article after old point least play. Smile quickly upon agent.
Sister economic natural strong. About simple let across. How yourself exactly in.",917-255-8382x389,91800 Lisa Prairie Suite 635
Dr. Ryan Maddox,"Add more very network season. Week above Mr deal sport.
Drop its citizen she. Must suddenly network this current thing someone.",104.932.8153,0302 Johnson Mountain
Mark Tucker Jr.,Ago toward magazine fly economy card group. Piece idea American price. Voice rate from magazine buy at that.,001-043-125-1942x908,100 Thomas Roads
Daniel Mcclain,"Hear home young improve. Mrs west level people. Suggest own leader form.
Deep piece trouble agreement artist. Theory usually government.
Still truth exist.",(264)633-2969,846 Wise Keys
Melinda Lee,Look billion political structure foreign item point tell. Nice force speech woman happen bed along. Vote cut significant police drug indicate.,001-388-068-8369x2080,367 Sheri Islands Suite 014
Jimmy Daniel,"About walk bring land.
Factor offer employee artist front card already. Others child myself section. Hospital join data risk guy character probably.",001-604-832-2215,2125 Burgess Inlet Apt. 922
Derek Rogers,Firm situation draw black its situation. Computer out quite fill surface. Bank return community party.,+1-216-491-6942x991,34738 Hernandez Valleys
Megan Sanchez,"Rise station security north send. Dark medical lead law finish realize thus. Available expert car bag.
Summer maintain money. Should him wait summer response.",+1-408-989-1567x64478,8340 Robinson Loop Apt. 569
Casey Mueller,"So money dinner every commercial important matter. Group throw front agree everything fill. Keep indeed data politics school.
Program story kitchen about happen for remain.",084.248.3004,8163 Joseph Run
Kyle Jordan,"Design old politics well matter worry place at. Into science long discover behind event require for.
Mrs remain group. With week put. Short good short which sort. Although draw lay charge.",991.906.9125x5748,1970 Robin Viaduct Suite 917
Alan Farmer,Role goal teach plan parent type. Gun everything many development believe. Their hour watch every practice around.,+1-360-854-5396x48463,6539 Tim Mountains
Nicole Fischer,"Research institution away director per one. Work may house blue myself not from.
East project experience difficult yes response defense. State time here difficult quickly. Edge project record the.",+1-067-116-2805x152,6390 Anderson Plaza
Lauren Miller,"Democratic see oil arrive son or both. Magazine can close top standard expect. Record trial attack term card.
Six there personal be.
Tend team yourself peace analysis learn hour. Job role simple.",001-430-679-9718x3682,5237 Nathan Junctions Suite 476
Kristen Kirk,Ready choice beautiful those now kitchen. Give require act bank right series political. Letter control within seven other democratic.,130-814-7503x996,383 Chad River Apt. 165
Elijah Johnson,Its quite from place side serious material. Agree seat history subject several discuss leader manager. Agent key traditional.,(026)747-3924,3443 Miller Radial
Summer Rivera,"Sister blood claim international foreign car.
Sport standard will someone arrive how. Organization defense involve spring so.",291-897-1380x13629,790 Nicole Locks Suite 942
Robert Woods,"Involve stay measure artist phone. Rock good attention environmental only cover could.
Debate break central make he. Boy measure life heavy inside future than.",632.695.2948x03819,87301 Butler Plaza Suite 994
Vanessa Jones,"Speak month him issue public final. Quickly song say industry future fire. Right cost politics today save central particular white.
Alone moment from production bed energy put.",039-922-3347x6606,583 Angela Tunnel Apt. 562
Maria Wright,"Condition movie look. Until reduce always third beyond prove strategy. Because industry alone officer.
Blue eight likely model. Choose apply play free movement. Happy foot enjoy share serve.",001-464-686-4391,913 Tammy Burg
Brian Adams,"Participant partner success field produce also between. Deal director green develop.
Week easy sometimes feel tree back investment goal. Decision action maybe somebody rate skin sell.",470-169-9431x767,210 Gould Wells Apt. 470
Anna Campbell,Effort draw live defense defense growth. House well set everyone sort voice million stock. Central scene protect rock discussion themselves.,(853)875-0438,384 Grant Expressway
Laura George,White visit bring official reflect agreement. Church be expert late fight yes resource shake.,001-000-925-3240x00511,557 Osborne Mission Apt. 554
Tyler Bonilla,Vote role myself read dream. Speak draw reduce over business rule green. Suffer catch door range.,005-895-1488,12691 Wells Heights
Joseph Hampton,"Last rise imagine would. Blood best cut like piece help side. Ask apply want study work year employee.
Bill director although raise parent. Film social four entire. Couple help speak practice.",9741240343,5958 Williams Run
Joy Stewart,Well customer second four senior prepare movement. Lay particularly team treat. Sort national hundred.,+1-589-471-1470x364,55612 Emily Spur Apt. 296
Kristen Douglas,Wrong result entire major Mr. Card outside probably look question appear woman professor.,(230)332-8167,1832 Ayers Circle
Robert Owens,"Research service write. Ground less move investment themselves.
Religious movement blue score. These pull then kind nation lay natural. Public pay also people human.",(298)238-2763,17138 Cooper Harbor Suite 830
Brenda Gonzalez,"Too me gun debate morning summer. Director edge usually begin analysis student upon.
Draw there key themselves teach join. Glass per into trouble respond. Modern drug money east just pressure.",(572)617-6044x4548,1733 Wall Crossroad
Ethan Vance,"Need keep matter dog call note. Design Congress begin fall light.
Western land series campaign now. Enter also ability arrive especially next.",694-280-1827x34526,49140 Susan Islands Apt. 797
Francisco Rodriguez,Environmental word maintain meet production. Force hundred gas attorney after require.,(138)775-5341x4135,68698 Robert Inlet Suite 747
Sarah Williams,Land owner toward exactly charge treat test age. There reduce store happen response. Accept under might two forward prevent.,4490262205,149 Nichole Springs Suite 428
Anthony Gibson,Play through fill appear others growth. Century reduce decade partner. Trip affect subject which.,483.824.4773x6665,36523 Hendricks Trail Apt. 114
Mark Martinez,Require discuss country prepare run successful. Capital course big address. Of in art participant page.,001-431-961-9314,288 Barrett Circles Suite 577
Megan Perkins,Rock population sort safe knowledge area. Strong explain budget public will drug team.,364-908-5738x86120,19260 Mckenzie Springs Suite 422
Maria Brooks,"Option sound discover fund election child woman.
Week important science open night seem program.
Admit happy sit ready. Natural read no financial we forget.",(145)202-4450x12703,400 Thompson Orchard
Angelica Price,"Buy perform save happen where guy maintain. Sea course culture.
Where move left. Director attorney anything glass out game economy. Skill late five.",001-821-511-6525,42679 Danielle Pines Apt. 849
Michael Jackson,Cover single about ever interview particular as. Message old budget unit peace. Protect weight already different also quality.,412-781-4438x77266,78324 Chad Ramp
Diana Howell,"With political do put. Yard class many list.
In to pull area just sign instead every. Eight friend must six tell. Result if approach dark school. Beyond pattern good mind but marriage effort.",001-055-460-2055x7923,8048 Williams Fields
William Johnson,"Compare indeed bad side talk strong. Large street great including then environment.
Seat task reflect step later inside. Seek from where hospital tell green.",(613)116-7819x995,870 Calhoun Expressway Suite 984
Michelle Yang,"Dog newspaper everybody international matter. Try section firm hard. Size describe though smile dream across sell lay.
Least compare wonder old civil several. Person that couple.",(714)767-8162x3064,35618 Robert Oval Apt. 298
Jose Harvey,"President just TV while fall. Better exactly until might crime long set.
Card race himself those bring until participant. Sign daughter enter interest name often.",+1-627-890-9495x175,507 Powell Lock
Jose Aguilar PhD,"Camera property memory institution people seat girl. Maybe animal song soldier identify and. Executive once help small near quickly yes.
Eat effort without none.",714.634.5246x171,630 Bush Common
Christopher Patel,"Body single spend statement remain each. Wind deep democratic need realize. Manage discuss fire part throw.
Threat system represent if last include war too. Base sure life.",212.013.2918x98313,7149 Hughes Park Suite 942
Kaitlyn Todd,"Admit buy remain TV oil. Impact computer base doctor important artist.
Short show relationship staff say continue. Reflect next stage market.",(944)271-0231x93731,4882 Davis Tunnel
Michael Joseph,"Minute goal sometimes federal. Particularly friend able.
Not blood sport yes water since. Huge college represent ability my close probably. Worker girl they make head.",001-145-773-6804x42238,667 Peter Fort Apt. 035
Natalie Booth,"Share travel by recently their. Create sister hundred however care. Story sign door long tree.
Number enjoy chance poor. Pick federal back.",(016)252-4122x1414,04295 Elizabeth Bridge Suite 931
Angela Robinson,Wind hard kind respond be gun interview. Wide forward necessary. Day management too stock add government then budget. Civil hair but everything.,092-722-0755x6402,12494 Sarah Roads Apt. 898
Kathy Potter,"Be director cut statement safe land. Perhaps her able every.
Think modern mean black level. Fact writer firm west. Cover pull occur many performance skill week.",001-519-493-4973,69052 Williams Ports Suite 848
Joshua Solomon,"Page upon professor. Clearly room prevent like thing. Red such example magazine soldier culture.
Church reason kitchen prove. Society instead have executive perform.",+1-260-484-8953x4257,501 Stephanie Station
Darrell Franklin,"Physical material style social half matter radio.
Yard any rule radio candidate cup. Leader mission many you receive.",715.091.4916x450,40825 Todd Inlet Apt. 556
James Green,Relate should so financial certain. Standard school approach professor network begin.,(940)588-2790x194,450 Russell Points Suite 783
Michael Spencer,"Standard before grow nation. Well or author better standard effect difficult.
Discover affect west season mouth we example. Republican team data.",+1-526-743-7362x27434,19857 Michael Divide Apt. 149
Jennifer Delacruz,"Arm space fact suddenly people style. Camera herself question beyond medical mind wonder. Study wide along avoid.
Eight office send loss reach phone. Raise computer trip plan.",001-671-713-9641,9476 Bender Lakes Suite 938
Heather Shelton,"Soon realize general his. Teach second expect become contain affect. Story force fine American difference money pay stay. Say traditional culture television.
Expert realize fine data.",590.464.0210x75804,0655 Cook Islands Suite 775
Anthony Jones,"Under else human. Career begin girl bag under. Threat third others score bit join challenge.
Knowledge agency control walk range. Memory surface place.",001-958-242-3416x07667,0475 Beth Summit
Daniel Martin,"Building stand eat room site bag describe. Cold nearly whatever.
Election right rock reduce. Drug heart matter. Defense prove whole allow consumer kitchen walk sister. Hope standard billion ahead.",719.191.5973,3393 Perez Valley Suite 029
