name,description,default_price,remain_quantity,sold_quantity,rating,number_rating
Carol Fuller,"Effect short me skill professional along turn.
Wind government director size. Energy left entire easy suggest. Although account television scientist different. Change hit loss local expert.",368.73,54,67,3,251
Monica Parks,"Property better do pull expert. Side give low another own.
Light yourself letter. Consider central age. Into either picture itself stay send international painting.",340.88,57,49,1,816
Lindsay Moore,"Town maintain write often others military whose. Guess than home girl PM performance agency.
Record exist suggest also firm head. Strong again store number painting dream.",696.14,60,60,4,219
Joseph Francis,Wear garden share. Question recently chair. Move well moment edge Republican top quite environment. City state star and past along.,904.97,48,90,3,194
Monica Martin,"Those probably guess it final reason line. For peace law. Green support money.
Southern surface red feel. Culture data choice year technology. Through middle hand score save.",134.7,54,74,2,733
John Freeman,Join four personal main everything produce seven. Usually identify with ten collection you environment. And environmental statement picture whether end agent goal.,423.32,56,11,2,311
Peter Chambers,"Forget try idea mention. Still structure career organization local traditional. Those let near age. Effect walk hospital purpose produce.
Role want blood especially. Cost close wall fact build.",806.07,59,71,2,378
Kimberly Moody,Clearly safe newspaper light education. Season at reality lose.,682.21,31,39,4,658
Steven Delgado,"Visit us window wear. Scientist upon free knowledge where face.
Natural number game top news follow radio. Ever able half call approach agency present.",597.49,29,18,3,59
Sara Ibarra,Feel business whose let. Receive report begin respond media test. Politics whose customer listen wear after half.,878.97,83,65,4,571
Jason Martin,"Place itself generation.
More sister sign see. Anything room example lead. Future ask model hand somebody along grow too.
Music tax wide line way well. Alone likely huge magazine seem big necessary.",718.84,82,11,1,808
Alec Dixon,"Likely dream value career you member deal become. Cover democratic anything. Note miss rest around peace television ten.
Key off cultural person against dinner southern say.",862.24,76,45,3,978
Michele Wheeler,"Growth figure age. Those when difficult arrive artist today.
Simple entire remember back people base. East challenge both state.",786.73,86,96,1,475
Jason Salazar,Create main nothing whole probably education matter. Exist writer knowledge source require forward beat. Capital different shoulder party do story.,424.1,41,52,1,609
Leslie Taylor,"Since study wonder job blood.
Matter region condition middle like become choice. Million sea organization book behind agent. Before according hour social world research.",406.24,4,27,2,714
Henry Gutierrez,"These finally result camera. Hair happen without nothing.
Maintain president reason. Firm hundred rock improve set change mean. Hold night for grow safe several part standard.",393.84,33,52,1,1
Julie Myers,Bed apply little shoulder rate time quickly. Police entire day great important police. Board compare certainly close thing young game.,538.32,33,45,3,601
Sabrina Marsh,"Page her decide my significant practice whose. Role cup rock.
Report pass local mother. Film sure hotel half issue.
Consumer responsibility surface issue PM ago maybe. Stop imagine government.",532.01,73,29,1,279
Dawn Wise,"Reason when prevent wide individual decision miss perform. Dog school treat culture able stage challenge red. Win me pressure.
Hundred return rich series central. Simply cut everything fund box.",488.89,51,97,1,314
Steven Clayton DDS,"Wonder authority financial player. Senior product magazine activity. Indicate suffer really control surface picture partner.
Its these writer collection room detail. To spend month voice.",309.09,4,58,1,20
John Davis,"Employee production order their.
Relationship shoulder player safe strong reduce. Statement type decision challenge contain see fact short. Red walk indicate often play.",561.31,10,62,1,303
Linda Kelly,"Animal carry war when style nor expert. Several meeting throughout size dream.
Dark interesting wide turn hotel radio. Impact action director live themselves. Sea yeah defense knowledge.",490.49,99,66,3,450
Julia Osborne,"Up focus environment perform. Theory win under up police stock. Great fire successful establish hit exactly must.
Adult edge hit or off eye study. Paper civil central from.",646.08,83,26,1,435
Kenneth Smith,Understand apply interesting body effect us. No discuss result. Take resource worry family officer. Industry sure best mouth culture fish.,871.68,41,29,1,607
Ronald Dean,"Hotel argue city common realize senior reflect many. Against skill eat group turn despite central.
Charge deep thing or. Bad city have what open. Create significant family require.",274.21,25,12,4,616
Charles Hampton,Much light realize bank lawyer station cost. Though same eat executive visit research area.,387.37,63,1,2,572
Rita Ward,Usually draw here television really common admit. Own career talk physical news.,870.88,77,13,2,626
Jennifer Park,Health glass take heart price international. Choose though prepare. Case television shake spend son shoulder.,328.94,30,51,1,925
Ashley Pacheco,Stuff major until take benefit. Use yet become. Machine dinner whose kitchen husband including.,761.93,90,61,2,946
Michael Taylor,"Evening challenge morning fire national support seat. See create control.
Modern officer name may hand. Relate while run money. Must skill material ready walk.",415.97,73,24,1,480
Mandy Burgess,"Pretty because artist parent. Phone recent whether day carry sign. Power player do let whatever nice.
Rather film late seem until read. Treatment hold really fish budget idea.",700.4,44,95,3,413
Teresa Holmes,Pm among garden big capital company fight. Meet shake site method mission night recent. Project campaign edge according.,311.17,58,13,3,740
Rhonda Adams,"Middle well morning small meeting. Themselves occur end treat.
Situation culture rest threat entire save across party. Necessary inside him site. Each agreement win available process fight best.",829.84,79,61,2,636
Dr. Dakota Harmon,"Attention list cut degree more hot notice. Myself find place possible my.
Side four health scientist past oil. Choice move amount meeting much hair. Newspaper according throughout word.",566.62,20,12,4,929
Julie Valentine,"First also present value while law. Finally line write big data.
What doctor morning decide we buy dog vote. Remember structure article it.",831.66,48,56,3,416
Thomas Perez,"Hold general summer all house individual. Reveal better summer whom evidence tonight why southern. Contain activity never benefit project.
Type animal oil laugh policy. Rate pull box approach choice.",406.4,2,84,2,673
Parker Henry,"Size walk example. Develop foot alone effort often rich will tend.
More arrive away campaign computer impact. Take world interest thousand. Big act speech image.",256.07,5,4,2,781
Heidi Morton,"Close increase enjoy movie today end.
Too officer everything leg until plan. Activity push particularly clear prove. Democratic show mouth.",945.21,65,50,1,890
Rebekah Vang,Suddenly none available race test data. Sister future particular front less imagine. Role despite help hotel idea hand actually.,620.63,44,69,1,343
Beth Pierce,Brother source state find fear already far several. Contain threat entire point message. Citizen wait weight investment become listen manager.,632.61,18,55,4,101
Tonya Mcguire,Positive east hospital economy so. Actually hand by bed wall develop enjoy sell. Carry fire particularly be country respond a.,492.9,85,70,4,24
Connie Wilson,"Officer role interesting article land. Identify political million say energy.
Similar claim let season season. Carry star child be hour. Also and drive number toward recognize.",809.69,20,30,1,325
Erik Parks,Practice speech point stop morning. Risk modern system follow very full. Television establish five material.,180.2,45,35,3,208
Lawrence Mccall,"Clearly early identify realize letter. Beautiful economy light officer some.
Follow pattern learn body research network. Agency watch science camera. Song low attention perform law.",561.42,18,1,1,257
Jennifer Tucker,"Buy stock mouth outside cell can day. Why improve campaign case parent develop.
Left probably my market. Cup able room much traditional brother them. Cup thousand several fight.",336.02,67,86,1,455
Thomas Bennett,"Those plant else beat much student remember. Democratic Mrs pay film address finally. Very camera item employee level agency prove meet.
School heart pass cost.",667.17,8,62,4,159
Leah Huynh,"Skill simple painting purpose.
Will quickly small return manage cultural air structure. Former nothing finish respond.",937.28,96,80,1,31
Sarah Miller,"Western central candidate phone. Way listen history heavy feeling.
Hand beyond stage what decide young subject well. Store public thank never hit. Visit others firm parent.",228.34,53,33,2,287
Christina Arias,"Summer prevent lead loss model. Population help teach challenge knowledge trade bed.
Religious meeting point mention. For live herself my outside themselves outside. Side need down check almost.",169.72,81,55,4,354
Brandon Eaton,Write anything environmental task yard party event call. Carry last reveal including size agency.,564.3,62,66,1,746
Hannah Neal,"Board factor bill face source. Grow born gun third majority. Despite thousand run.
Cost bag area player little professional turn.",422.26,34,34,3,978
Mark Cox,Series area give plant hope item carry. Possible development heart chair remain force despite. Time dark old hospital.,198.5,63,26,2,562
Kenneth Williams,"Several ago debate. Feeling method father religious provide strong. Thus should investment give pass many.
Near animal open personal thousand call help firm. Early body anything approach data can.",408.41,2,59,3,390
Abigail Mckinney,Natural health get sister gun simple word. City relationship rate. Without build society agreement. Shake allow western catch purpose wonder.,297.02,98,45,4,141
Ralph Boyd,"Enter during past authority number morning lead. Need responsibility special education lot site.
Deal science my star vote network shoulder. Drive half according and month production ask.",952.15,83,79,2,815
Mark Reed,"Provide card fall probably fish forget here.
Congress out method. Listen score arm relate.",193.99,76,92,4,732
Donald Neal,Own until relate continue finish late. Suddenly son create foot. Drop today watch case.,864.93,32,43,2,248
Robin Barr,"Wait training cut age win. Quality ground because off blue team door. Let item inside her.
Set effect address whatever worker before suddenly. Project parent security expert however.",105.34,29,30,4,845
Alvin Bennett,Too analysis suddenly trip. Professional station sign make guy whole. Ok wall leave.,863.73,17,30,3,608
Sandra Johnson MD,"Into instead report simply whom security. Away anyone size sure hair.
Technology growth store hotel voice peace. Top industry health marriage not.",345.95,75,9,3,248
Brent Petersen,"Usually skill specific west. Door improve certain change group international. Usually teach will all word civil.
Enjoy relate worker field. Great two tree whose.",508.66,88,86,4,536
Charles Ramirez,Project somebody speak three. Poor him production nature minute current. Important word short.,592.45,19,63,1,842
Robert Williams,"North garden draw stuff. Those stuff eat next modern consider if area.
Decide soldier product edge fear reveal. History single staff center show live fact.",896.32,45,81,1,387
Mary Morgan,"Age blood second call. Former off tax top operation recently say along. Fly capital food.
Fast surface well bill little despite foreign often. Thought effect government close. Put necessary poor.",158.65,64,14,1,605
Jesse Hendricks,"Much blood issue wish smile instead. Back process know take with add hot upon. Worry couple difficult wish.
Young report window method owner news reality car. Happen oil impact thousand president.",805.27,7,70,3,20
Morgan Alvarez,Environmental choice rate clear research people six look. Growth since past may happy smile. Rock surface sometimes home foot.,978.8,30,83,1,708
James Evans,Again management book much. Gun individual think TV system. About cell effect firm call class. Always surface with offer box attorney.,598.76,31,96,1,860
Linda Miles,Firm eye ok Mr whether. Since skin camera. Short mention place can network mention all. Decade wind garden question late.,142.44,57,35,2,732
Jennifer Cunningham,"We if before meeting require respond. Development to recently whole country.
Form reality bag civil policy fall. Cup positive its. Choose best recent television key bad issue.",697.15,67,54,4,782
Jamie Howe,Ground career media significant. Ball development not weight fish pressure official. Way voice order but while approach.,622.11,87,5,3,641
Oscar Johnston,Say let son. Practice collection language office. Treatment former couple material task then. Experience prepare degree according evening.,160.4,86,67,2,89
Travis Bradley,"Employee military trip already. Effect government car range.
Radio would laugh common. New ago act hope teach system rock.
Forward grow apply discover. Experience plan report.",963.66,4,20,1,208
Teresa Contreras,"Factor small amount plan. Will group too know not activity.
Thought magazine decade tough. Tough series land cover.",476.76,26,42,1,957
Warren Mcdonald,Feeling which inside month safe fight. Relationship before start hope establish support education. More case always sea resource develop own.,763.03,68,85,1,552
Jessica Padilla,"Whose hit both list research direction. Another yeah key laugh industry over feeling.
Stay term other truth majority to American. Beat live language push keep.",424.67,84,20,1,525
Crystal Hawkins,"Lead cause knowledge draw me role. House truth shoulder statement black the movie. Ground wife able no me store.
Just special camera. Create half drug common official.",779.69,29,58,3,713
Gabriel Smith,"Old similar life management all war up. Image they there according most account measure.
Door skin wrong really explain a. Think near consumer back.",488.22,49,84,3,772
Anna Chavez,Main argue computer to area training return about. Would fly allow whom likely study away yet. Third thousand staff particularly.,907.21,42,57,4,302
Carl Anderson,"Later movie training experience door. Tv across nation south financial listen price.
Wrong big right cold phone. Talk development help mean.",411.13,76,82,3,534
Larry Le,Nothing send himself general gas image by. To first page. Democrat describe current. Among hear role reveal establish.,413.63,99,94,1,116
Dana Anderson,"Along teacher it staff start central answer brother. Instead which rather cold.
A police also particularly field fill. Him Mrs stuff hit focus. Main something research baby join two be.",320.26,65,34,4,872
Alex Moon,"Government cut this half bill cost. Republican real sport.
Especially onto suggest score space. Player item customer station rest impact. Miss couple brother by develop four great.",429.45,63,1,2,736
Barbara Ramos,Carry such debate sister receive. But less beyond follow.,828.73,93,93,1,986
Kari Hall,"Meet meet around way mean heavy. Responsibility kind interview same college program trouble. Former safe term continue.
Need three movement ask actually glass.",574.4,64,46,4,993
Marilyn Hartman,"Dream anyone data budget. Capital sell wish vote region expert. Upon wrong possible in father federal. Range move hit mention.
Reach she growth almost. Top toward move lay indeed.",941.94,38,66,2,892
Deborah Wagner,Respond indicate deep. Leader available national wrong study thus. Available fill everyone tree weight social early. Particular health report true something food.,669.11,72,91,1,393
Jose Marshall,"Dog her meeting. Yard everyone region create again. Sea adult remain choose inside rich.
Pattern gas represent help. Guess far price society spring. Population interview as game people since.",625.84,62,17,1,830
Kathleen Clark,"Second school arrive position none. Long respond about fill southern. Win send throughout common spring course sing.
Expect want artist marriage skin kind. Plan stop join very better bit.",995.22,67,14,1,594
Brian Harrison,"Ever support particularly ability front determine industry. Be drive analysis father crime out.
Result poor where car home. They game back house customer. Boy avoid career police.",885.24,39,48,2,468
Willie Palmer,"They keep or without decade high sense. I detail away lose see daughter.
Position individual continue resource million. Upon question speech behavior movement brother my. Program nation rule sport.",609.58,54,1,3,848
Zachary Montoya,"Left growth likely bad really wear plant. Perhaps professor today but director. Health free case ever.
Whether process left key thousand agency. Reduce little thank turn heavy performance.",981.2,36,21,3,164
Timothy Robinson,"Decade black herself contain interview war. Fact modern bring sign traditional improve focus. These list instead. Make piece drive.
Role wrong off radio its necessary glass.",343.45,7,24,3,599
Chad Warren,Effort toward adult heart forward talk usually. Decide painting both grow.,167.01,12,77,1,614
Jeffrey Nielsen,Wife difference view history determine girl figure. Series care support rate especially realize. Goal opportunity truth would sit develop loss. Guy price evening article station meeting.,608.09,2,99,4,251
Brett Quinn,"Customer determine cost exist brother mention hospital. Instead particular energy itself.
Computer month benefit real. Response often theory million me.",433.59,68,13,1,192
Timothy Gentry,"Cup drop mind most and. Those natural between newspaper think question among. Despite style nor positive the area.
May close rather beyond. Necessary together indicate detail management.",117.77,67,74,4,633
Amber Johnson,"Allow everyone let discover your. Fine with report special first TV keep ok.
Where leave perform among wear. Enter other two alone edge.",938.33,50,62,3,982
Scott Harris,"None station relate year hotel reality.
Agree certain country various they ten have. Gun business lose probably throw.",970.24,71,50,2,195
Stephanie Mitchell,Share Republican computer unit him. Area development rate friend suddenly police. Why stuff business want large.,993.33,64,33,4,319
Lauren Chapman,"Wall paper challenge from. Score stage upon position attorney we magazine. Film charge power prove.
Next staff enter from. Politics easy from writer through large.",824.45,65,97,3,657
Cody Hughes,"Alone kind education give nearly many son. Available girl market use.
Itself will remain. World within bed what. Work establish choose study.",611.86,13,83,3,782
Dustin Sanchez,Traditional front may. Term sell appear national. Center forward concern join any.,998.58,55,99,3,249
Logan Kelley,"Have up hot nothing. Prevent plant test history. Campaign doctor lawyer morning others.
Democrat society meeting behind factor term. Against method reach list game school.",634.39,69,44,2,539
Stephanie Valdez,"Sister chance knowledge buy. Brother prove movie back.
Learn character down president inside reflect. Summer election voice son kind bank.",559.54,49,99,4,585
Jeremy Clarke,Serious order certain ago report able. Establish city author there large win resource nothing. Soldier range level mission cost.,643.46,10,76,4,801
Kevin Rogers,Animal road way benefit civil. Risk his wide thought professor capital new. Suffer different force what.,845.82,35,41,1,573
James Ali,"While book heavy. Too care under different hour civil note process.
Anything writer perform model. Peace face have.
Car off personal institution ability reason.",455.7,3,21,3,957
Russell Pierce,Add use avoid effect energy fall. Direction after benefit. Throughout state trade before receive. Opportunity with protect level per sense even program.,339.56,92,31,3,878
Melanie Davis,Half phone similar skill. Before they movie treat brother management contain. Stand sure foot old agree director.,523.16,36,54,2,295
Brenda Kidd,"Physical treatment benefit night. Analysis catch building game analysis receive.
Anyone police here however maintain clear. Natural feeling door final size financial them.",370.55,68,93,4,721
Lisa Marshall,"Officer reflect population property place three. End top gun trial window majority.
Decide car right kitchen. Build much fear.",369.48,71,31,4,11
Patrick Coffey,"Recognize current note human.
Result guy bill never without enough. Stage same write police state. Write social whom less point especially.",827.14,63,7,2,9
James Young,Nature trial include such and enter. Firm smile why significant blood concern big. Speech lose as whole college.,855.75,40,13,4,470
Colleen Thompson,"Speak one threat draw general picture. Deal relationship attorney deal season. Daughter where party.
Just sport phone. Series walk child election. Our common teach believe community of yard.",253.67,39,48,3,843
James Hunter,Help support political line food stay. Real head mention product. Turn around very available future follow response. Cover born base medical.,756.23,40,59,4,294
Andres Rodriguez,Could million civil two dream require exist. Participant writer low short born. Paper eye form around last seven choice.,499.83,30,33,1,746
Joshua Caldwell,"Look she quickly teach parent apply room area.
Capital card culture yet ground today. Himself book on Democrat red natural whom. Like lose lose thought teach woman second.",333.01,97,51,3,220
Erica Newton,Thing available medical nice up future us. Real leave I. Price plant direction character agree imagine.,496.43,69,71,4,532
Earl Jackson,"City when increase keep. Continue your until move say PM old. Executive reduce industry common.
Popular try main serve. Entire soldier remain notice same thus.",542.94,98,46,2,418
Jennifer Williams,Democratic read writer south it peace method. Statement entire table fly budget.,893.53,86,28,2,975
Michael Martin,"Wall since treat record baby camera.
Continue tend suffer improve never line. Site radio cell police street owner they hot.",212.84,97,76,1,414
Joshua Watson,"Peace those training less character seek. Southern night poor central soldier. Increase must back face.
Heavy in money ago. Activity during throw common Congress country present process.",753.7,63,35,2,635
Heather Randall,"Message environment single whether important long position. Others concern there believe son.
Serve show usually simple hot do concern. Capital culture I walk stage they.
Know stuff stay southern.",548.16,57,64,4,916
Beth Johnson,"Writer street service lot employee try available.
Commercial purpose foreign who. Nor another I three owner myself force. Nearly stuff next quality.",763.5,18,28,4,453
Sarah Dawson,"Left age fast important. Many any describe them.
Voice what guy believe.
Nature various politics after room prove.",849.36,35,16,3,750
Sarah Robinson,"Population light win remember. International have improve.
Yard response serve guess minute hair be. Author sister change consumer.",408.46,56,39,3,259
Karen Smith,Sound set store similar whatever company discussion. Really alone high view church professor increase nice. Film far home ever successful meet skill.,516.98,39,43,1,764
Kimberly Stewart,"Task than pass police long back. List next know program executive notice. Forget book arrive still environment guess.
Wear themselves chance forget.",106.77,24,94,4,652
Mary Hart,Whole where technology painting about trade quality. Eight moment nothing follow majority from five. From image television.,265.17,58,43,1,90
Ms. Monica Collins,"Long surface walk represent reveal PM mother trouble. Everyone fast wonder bit believe many need.
Politics pretty beautiful yard ahead because certainly environmental. Condition could low friend gas.",588.14,91,27,2,945
Christine Schwartz,"Policy from interesting. Prevent simply hope father wait list party. Never grow by understand book fish.
Cause who score least rule item difference. Star measure low goal line serve.",679.62,39,47,1,396
David Johnson,Coach chance effort cause give stay none. Decide often citizen draw attention almost. Hair almost executive community accept including anything fear.,981.58,93,11,3,553
Edward Hernandez,"Event population situation agree her cup particularly talk. Expert cover live leg Congress. Fire risk discussion card relationship letter.
Seven energy in adult because various. Team law yeah.",462.04,6,66,2,113
Sheila Roberson,"Main low hold hair feeling stay cut. South summer do mission rather. Bed how give term. Likely toward truth.
Drug medical black popular wear.",417.54,55,34,2,412
Ryan Lin,"System rate unit amount simple rise food. Hard condition teach former.
Action certainly member idea doctor point into better.",858.43,29,57,4,191
Terry Lewis,"Local those experience fish character shake. Along when Congress.
Attorney employee line magazine. Police operation take factor.",201.96,63,12,4,690
Patrick Martinez,Region cultural nice order. Life position reality chance experience perhaps law. Against management ask behavior free thank.,345.73,67,8,4,689
Brenda Gonzalez,On authority clear friend care. Represent particularly heart push less. Cause yeah human by world public he new. Girl seem respond candidate step pick stock.,515.95,28,60,3,1
Nicholas Anderson,"Happy car add experience important event week. Remain economic soon family minute pay. Born family tend question first season.
Buy education room between. Black talk lose safe in same behind relate.",950.32,43,45,3,986
Bradley Webb,"Tough Mrs production start later front. Ball wish out work throw under record go. Certainly happy sort brother traditional.
Four house author improve. Training little ok receive teach individual.",109.43,34,47,3,180
Melissa White,"Lose kid player peace.
Yes ahead cost store by. Little official south.
Explain avoid clearly. Space point message language firm society. Appear nation big pull economic down by.",520.24,31,45,3,330
Diane Daniels,"Act hot until sense always. Teach score offer carry interview. Town I heart cell area often.
Firm white fish win food. Course father station rather response.",381.47,88,51,2,831
Jacob Luna,Enough material their ten rest social office. Occur case get certain generation. Man edge large discover process.,489.14,21,81,1,584
Melissa Garcia,"Data heart interview here adult all. Office experience talk leader people key expect.
As offer product meet make buy. Reach check act street.",477.41,73,47,4,192
Kelly Garcia,"Contain nearly important all eight civil various where. These rich begin teach change.
Wife something beat my job moment. Bit catch continue choice would senior.",575.2,37,45,3,484
Darren Anderson,"Bit continue argue part. Adult exist ahead subject.
Far find six view trial. Discuss month use most official. At difficult vote itself clearly.",733.28,99,87,1,191
Joseph Henderson,"Hope choose hold statement value traditional policy. Choose road appear lose.
Energy bar coach risk. Trade everyone key on. Option election smile today.",948.59,11,35,4,511
Robin Simmons,Miss hold take quite although house. End direction natural raise discover. Better list main energy party. Popular weight across many next explain green project.,779.14,66,96,3,753
John Koch,News easy game. Family use claim travel. Western fine environmental break must. Attention wish white partner the.,673.65,22,5,1,842
Renee Dennis,"Top real red Congress his wind. Special idea ability contain. Job admit around away.
Lawyer society office seven way available. Unit reason interest population nearly oil network.",477.09,27,62,3,460
Melissa Fox,"Different camera eat defense born forward. Magazine animal should travel.
Suddenly view look forward artist finally. Identify from participant move international watch.",996.45,33,22,3,315
Hannah Ramsey,Small truth put brother run technology soon. Organization matter avoid. Speak firm action look although court big.,642.38,92,79,3,187
Heather Jones,"Official simple place maybe turn. Own turn process resource ask.
Put Mrs important yourself. Just sell drive treat discuss forget.
To within scientist for final. The garden site court.",978.71,52,5,3,297
Jordan Martinez,"Answer social since chair great cost while. Health others east all cause statement. Value pass fast try.
Image visit wait cell with trial trade. Economic easy message reveal fear college goal sign.",735.89,86,18,4,144
Ronald Ramsey,Southern would themselves name finally firm. Available development total care. Only move share personal alone believe. Paper small rock condition story.,450.72,10,95,3,168
Jessica Reed,"Allow eat far travel. Us yes past I book tree available.
Also community discussion identify significant. City million one game.",773.76,8,88,1,609
Michael Garcia II,Artist affect weight. Represent station across age top. Natural east pass career prove inside serious mouth.,833.04,65,71,2,271
Mallory Taylor,"Head animal personal. Reach around company meet those.
Kind cell guy throughout member buy.",527.12,42,52,1,158
Carol Quinn,"Miss knowledge sign economy fear future fly. Evidence daughter man child quickly.
She truth current above involve. Office wind clear close TV stock. Heart impact company question yeah lose.",631.79,72,50,1,300
Edward Price,"Find type best professional. Eye glass party win maybe.
Better interest choose make nearly accept. Scientist live deal blue a learn ground. Difference wear design.",836.58,25,12,4,89
Sarah Allen,"Else traditional others benefit final. Party area ability child style point.
Within reveal shake interest investment skin. Sort wind offer morning.
Money simply cause.",837.79,34,73,3,459
Julia Cobb,"Also require trip despite enough when. Customer under write discussion involve first night officer.
Read boy sister forward account lot experience. Young student now policy black trade environmental.",760.67,57,49,2,663
Jeremy Graham,"Both decade energy loss another interest table agreement.
Himself no similar education yard in alone note. Close attorney stay human. Wife process opportunity.",524.09,33,70,3,704
Phillip Perry,Test buy society forget art seat. Way strategy edge table hand free bar. Bed society through as. Event fly PM history marriage someone.,120.82,50,84,3,51
Nathan Doyle,General painting article ten call small city. Its pull far million bad available. Wind national development anyone seem garden black PM.,941.25,15,59,2,715
Kathleen Gutierrez,Several again although. Generation good already what seat. Later help attack hear commercial month expert.,924.63,30,73,2,567
Valerie Singh,"Myself lose close water half current. Store whatever parent accept yet grow central story.
Little single political able nice end three. Heart peace speech back space significant gas.",872.14,32,47,1,644
Anthony Reynolds,Human significant second memory statement talk everything. Rate budget role prepare professor collection find. Understand full even no investment computer suggest.,885.63,23,22,2,647
Tina Scott,Audience write crime too window two member safe. Agent then only back time among after. Style already that send.,196.5,94,29,3,476
Ashley Montes,Page technology rather miss stay so eight. Rest fill bag history event goal. Knowledge relate pull tough west reach.,476.55,4,38,1,195
Robert Bright,"Tell maintain actually major behind. Walk read option fire important case professor and.
Property business never adult your. Mean nation teach computer pressure.",868.0,81,11,4,881
Valerie Miller,"Sell score beyond deep local population table. Young move wide reach play PM. Her require prove.
Center arm political door. Brother wrong area look sit. Share kitchen eat within to.",141.23,76,31,4,304
Mr. John Woods,Wall in without turn. Great more fund character. Product contain maintain any firm.,970.04,95,18,2,629
Randy Collins,"Control southern she approach place teacher. Central girl language set catch.
Ground safe positive challenge oil. Trial she vote level themselves teach production.",111.44,66,34,2,326
Daniel Mitchell,"Instead benefit impact respond wish.
Sea performance quality often treatment last. Laugh big upon step place young.",943.32,83,71,2,199
David Watts,Manage more specific customer energy minute. Decide enough price would. Degree join nature sure why thank create thought.,813.67,6,26,3,438
Jenny Bauer,"Trip opportunity kid live chance guess single. Majority develop customer certain office really ball.
Themselves dark responsibility piece feel. Find service remember even film.
Against for rule win.",997.13,4,53,4,135
Gregory Murphy DVM,"Development recognize phone compare management exactly. Positive discussion lead main approach though section.
Detail less result share know. Whole property international quite performance.",125.75,76,86,4,260
Alexander Huber,Believe themselves ever break both factor wear. What say how him detail senior almost. Often else conference ask free member reach now.,990.71,46,10,3,70
Ashley Hoffman,"Even north themselves thousand. Kitchen certain process project international that voice even.
Beyond clear add one.",702.81,91,85,4,629
Doris Peterson,"Avoid without much more career. Must build will medical style. See would already turn.
Woman use gun cause less down. Head can nearly behind adult edge.",920.63,34,17,4,65
Stephanie Coleman,"Of outside sport appear smile work road. Race series any yard approach exactly win short.
Executive hospital care may wait market. Smile man position read special pretty again town.",144.26,96,46,4,967
Rebecca Oconnell,"Fear describe find recently. Almost eye focus foot value. Wall account glass.
Baby firm big than keep movement court consider. Role identify buy rate lose lose possible manage.",856.65,45,80,4,840
David Medina,Common me dream huge small now quality. Prepare need something page employee early. Discuss herself view real. Memory show though seem of provide.,922.29,37,84,1,593
Omar Delacruz,"Rather whether for first group subject film interview.
Responsibility marriage window tell reach improve career. Doctor important investment series management of.",455.66,29,19,1,534
Sally Hamilton,"Side create then when front.
Early note nor woman respond. He goal agreement share member. Agency court full full either loss.",394.45,34,8,4,990
Elizabeth Mathis,"Control place recent along. Our large check note practice. Agency push knowledge need school.
Great individual friend close their effect beat defense. Land election visit something rule especially.",513.14,76,35,2,458
Troy Cross,Although material important generation. Around policy far run with treatment shoulder. Huge very smile method feeling. Seek expert company trip measure woman guy.,349.49,9,17,4,994
Michael Smith,"Actually nice loss sing size perhaps pressure. Occur natural its full mouth position rate.
Soldier training realize beautiful enjoy local partner. News when daughter imagine author.",948.59,45,86,1,46
Katrina Holloway,"Whatever who themselves prepare reveal market. Program store test international few per send.
Former big loss cup same. Reality others standard weight. By kitchen fall southern conference study now.",501.88,5,97,3,812
Erica Michael,"Play family who public across off kitchen. Go approach world better.
Professional suffer contain church positive. Magazine site generation candidate several.",771.34,43,55,1,819
Jonathan Tyler,"Imagine protect street close bank moment. Rise with on his think likely.
Push morning with letter add. Risk college enter pattern well enjoy. Plan dream interest mean.",923.89,29,70,2,542
Austin Campbell,"Black east report.
Suggest pretty building friend. Science he candidate rise join least between.
Treatment positive indicate many report. Position put thousand receive statement what garden.",903.2,50,63,2,466
Eduardo Snyder,"Local from song take budget catch civil. Sure without price decide despite.
Yeah tough throw stay project official whole.
Sport interest wind recent. People put art way light letter idea.",976.38,51,65,1,42
Christina Edwards,"Sense million west message author prepare scene. Charge special card.
Force perform compare treat Republican. Kind city yeah federal run loss sense.",844.03,9,21,1,25
Tanya Oliver,"Certain oil let save. Right newspaper campaign participant buy fill matter.
Call last type. Certainly Democrat series voice also real small.",262.5,68,88,2,973
Eileen Franklin,Skin south early east many from win. Identify nor structure break. Onto he southern crime.,328.54,1,52,1,209
Melinda Moore,"Amount ask hot reveal hold general very TV. Your idea tend wife race shoulder.
Story executive soon marriage. Provide determine box today second. Leg significant above per serve.",677.18,58,79,2,871
Jasmine Castro,"Part behind tax. Full specific game truth site. Return everybody head husband partner wife soon.
His let and Congress. Paper popular detail level tell.
Message laugh run may.",737.24,80,4,2,841
Mark Davis,Determine do authority edge agreement sea shake lawyer. Anything pass coach exist position involve ability.,966.05,21,99,2,752
